New Balance,lifestyle,http://nb.scene7.com/is/image/NB/m990gl4_nb_02_i?$dw_temp_default_gallery$,"Wear with pride. New Balance sneakers labeled ""Made in the USA"" are built by American workers in one of our New England factories.Manufactured in the US for over 75 years and representing a limited portion of our US sales, New Balance Made is a premium collection that contains a domestic value of 70% or greater.","['Black', 'Black_with_Silver', 'Burgundy', 'Grey_with_Castlerock', 'MilitaryGreen', 'Green', 'Navy_with_Silver']",Mens New Balance 990v4,$174.99
New Balance,lifestyle,http://nb.scene7.com/is/image/NB/ml574egg_nb_02_i?$dw_temp_default_gallery$,Your go-to strategy for confident everyday style includes the men's 574 with its iconic look and supportive ENCAP midsole cushioning.,"['Burgundy', 'Grey', 'Black', 'Navy', 'NimbusCloud']",574,$79.99
New Balance,lifestyle,http://nb.scene7.com/is/image/NB/ml574gyb_nb_02_i?$dw_temp_default_gallery$,This collector's edition offers a clean and classic profile and ENCAP cushioning technology to help you meet every day with confidence.,"['Grey', 'Steel']",574 Legacy of Grey,$99.99
New Balance,lifestyle,http://nb.scene7.com/is/image/NB/ml574erd_nb_02_i?$dw_temp_default_gallery$,Your go-to strategy for confident everyday style includes the men's 574 with its iconic look and supportive ENCAP midsole cushioning.,"['Hemp', 'Olive', 'ForestGreen', 'ClassicBlue', 'TeamRed', 'VegasGold']",574,$79.99
New Balance,lifestyle,http://nb.scene7.com/is/image/NB/mrl247dt_nb_02_i?$dw_temp_default_gallery$,Durable construction and ultra-comfortable midsole cushioning are sure to make this men's sneaker your go-to favorite.,"['Black', 'Red', 'Navy', 'Grey', 'Mushroom', 'White']",247 Decon,$89.99
New Balance,lifestyle,http://nb.scene7.com/is/image/NB/mlazrmg_nb_02_i?$dw_temp_default_gallery$,"Featuring a lightweight and flexible mesh upper and advanced midsole cushioning, the FRESH FOAM LAZR Sport provides uncompromising performance for athletes on the move.","['Phantom_with_Black_and_White', 'MilitaryUrbanGrey_with_StoneGrey_and_White', 'Phantom_with_HiLite_and_White', 'Black_with_White', 'Black_with_Oxblood_and_SeaSalt', 'TeamRoyal_with_Black_and_White']",Fresh Foam Lazr Sport,$89.99
New Balance,lifestyle,http://nb.scene7.com/is/image/NB/ms574emg_nb_02_i?$dw_temp_default_gallery$,"For an athletic look backed by superior performance, this men's sneaker is sure to land in your starting lineup day after day.","['VintageIndigo_with_Galaxy', 'MilitaryUrbanGrey_with_Moonbeam', 'Magnet_with_Grey', 'TriumphGreen_with_Covert']",574 Sport,$109.99
New Balance,lifestyle,http://nb.scene7.com/is/image/NB/mz501hss_nb_02_i?$dw_temp_default_gallery$,Touches of suede add textural interest to the classic canvas upper. ,"['Burgundy_with_Navy', 'Grey_with_Black', 'Black_with_Hemp', 'Navy_with_GoldRush']",501 Textile,$69.99
New Balance,lifestyle,http://nb.scene7.com/is/image/NB/mcrzdkg_nb_02_i?$dw_temp_default_gallery$,Simplicity is key with the Fresh Foam Cruz Decon for men. Easy wear. Easy style. And plenty of support and comfort mile after mile.,"['Black', 'Castlerock_with_White', 'Pacific_with_White', 'StoneGrey_with_White']",Fresh Foam Cruz Decon,$79.99
New Balance,lifestyle,http://nb.scene7.com/is/image/NB/mlazrhm_nb_02_i?$dw_temp_default_gallery$,"With data-inspired advanced performance technology throughout, the Fresh Foam Lazr Hyposkin is a fashionable feat of engineering.","['MilitaryFoliageGreen_with_Phantom_and_SeaSalt', 'Phantom_with_Castlerock_and_White']",Fresh Foam Lazr Hyposkin,$99.99
New Balance,lifestyle,http://nb.scene7.com/is/image/NB/mcruzhn_nb_02_i?$dw_temp_default_gallery$,Our Fresh Foam cushioning technology works together with a technically engineered slip-on upper crafted from heathered fabric to keep your feet feeling and looking fresh mile after mile.,"['Black', 'Oxblood', 'VintageIndigo']",Mens Fresh Foam Cruz Retro Hoodie,$79.99
New Balance,lifestyle,http://nb.scene7.com/is/image/NB/ms574stw_nb_02_i?$dw_temp_default_gallery$,"For an athletic look backed by superior performance, this men's sneaker is sure to land in your starting lineup day after day.","['ClearSky', 'Black_with_DustedPeach', 'DustedPeach', 'ArcticFox_with_Black']",574 Sport,$99.99
New Balance,lifestyle,http://nb.scene7.com/is/image/NB/mcruzng_nb_02_i?$dw_temp_default_gallery$,A lightweight upper meets soft cushioning technology for superior comfort that elevates your everyday look with modern sport style.,"['Phantom_with_Castlerock', 'MercuryRed_with_Scarlet', 'Galaxy_with_Petrol', 'MilitaryUrbanGrey_with_StoneGrey', 'White_with_NimbusCloud']",Fresh Foam Cruz,$79.99
New Balance,lifestyle,http://nb.scene7.com/is/image/NB/mrl247wt_nb_02_i?$dw_temp_default_gallery$,"The 247 Pig Suede takes design inspiration from the past with style details that update it for the present. The ultra-lightweight REVlite midsole helps keep you comfortable in the office, at happy hour or during busy commutes.","['Moonbeam_with_Tan', 'Tan_with_White_and_Black', 'Black_with_White_and_Tan']",247 Luxe,$119.99
New Balance,lifestyle,http://nb.scene7.com/is/image/NB/u520ck_nb_02_i?$dw_temp_default_gallery$,"This casual shoe sports a simple, timeless design to complement your off-duty look all year 'round.","['Outerspace_with_VintageIndigo', 'Grey_with_Navy', 'Incense_with_NimbusCloud', 'Outerspace_with_White', 'TeamForestGreen_with_Gold', 'DarkBlue_with_NorthSea']",520 70s Running,$79.99
New Balance,lifestyle,http://nb.scene7.com/is/image/NB/mrl247pk_nb_02_i?$dw_temp_default_gallery$,Durable construction and ultra-comfortable midsole cushioning are sure to make this men's sneaker your go-to favorite.,"['Cyclone_with_DarkCyclone', 'Marblehead_with_Scarlet', 'DustedPeach_with_Seed', 'Moonbeam_with_SilverMint']",247 Sport,$89.99
New Balance,lifestyle,http://nb.scene7.com/is/image/NB/m990af4_nb_02_i?$dw_temp_default_gallery$,"Wear with pride. New Balance sneakers labeled ""Made in the USA"" are built by American workers in one of our New England factories.Manufactured in the US for over 75 years and representing a limited portion of our US sales, New Balance Made is a premium collection that contains a domestic value of 70% or greater.","['ArcticFox', 'Jupiter']",990 Made in US,$184.99
New Balance,lifestyle,http://nb.scene7.com/is/image/NB/ml501rfa_nb_02_i?$dw_temp_default_gallery$,"Featuring a retro-inspired silhouette and a comfortable fit, the 501 is a classic that's perfect for all types of occasions.","['Black_with_Castlerock', 'Pigment_with_VintageIndigo', 'SilverMink_with_Gunmetal']",501,$69.99
New Balance,lifestyle,http://nb.scene7.com/is/image/NB/ml574tir_nb_02_i?$dw_temp_default_gallery$,This special-edition men's shoe offers bold style details and  all-day comfort for long-lasting wear and collectability.,"['Bone_with_DustedPeach', 'Castlerock_with_ClearSky', 'Black_with_TeamRed', 'SilverMint_with_SilverMink']",574 Serpent Luxe,$79.99
New Balance,lifestyle,http://nb.scene7.com/is/image/NB/ms574da_nb_02_i?$dw_temp_default_gallery$,"For an athletic look backed by superior performance, this men's sneaker is sure to land in your starting lineup day after day.","['Black', 'Overcast', 'Hemp']",574 Sport,$119.99
New Balance,lifestyle,http://nb.scene7.com/is/image/NB/mlazrsk_nb_02_i?$dw_temp_default_gallery$,"Four-way stretch collar construction offers superior comfort, no matter where your day takes you. ","['Black_with_White', 'Magnet_with_White', 'MilitaryFoliageGreen_with_White']",Fresh Foam Lazr Denim,$89.99
New Balance,lifestyle,http://nb.scene7.com/is/image/NB/msrmckb_nb_02_i?$dw_temp_default_gallery$,Up your sneaker game in no time. Bootie construction with toggle lacing system makes on/off quick and easy.,"['Black_with_VeganTanLeather', 'Castlerock_with_VeganTanLeather', 'Burgundy_with_VeganTanLeather', 'Petrol_with_VeganTanLeather', 'VintageRusset_with_VeganTanLeather']",Cypher Run Knit,$89.99
