New Balance,running,http://nb.scene7.com/is/image/NB/m990gl4_nb_02_i?$dw_temp_default_gallery$,"Wear with pride. New Balance sneakers labeled ""Made in the USA"" are built by American workers in one of our New England factories.Manufactured in the US for over 75 years and representing a limited portion of our US sales, New Balance Made is a premium collection that contains a domestic value of 70% or greater.","['Black', 'Black_with_Silver', 'Burgundy', 'Grey_with_Castlerock', 'MilitaryGreen', 'Green', 'Navy_with_Silver']",Mens New Balance 990v4,$174.99
New Balance,running,http://nb.scene7.com/is/image/NB/mcruzog_nb_02_i?$dw_temp_default_gallery$,A lightweight upper meets soft cushioning technology for superior comfort that elevates your everyday look with modern sport style.,"['Black_with_SeaSalt_and_Gum', 'CopperRose_with_SeaSalt_and_Gum', 'Castlerock_with_SeaSalt_and_Gum', 'Pigment_with_SeaSalt_and_Gum', 'TriumphGreen', 'TempoRed']",Mens Fresh Foam Cruz,$69.99 - $79.99
New Balance,running,http://nb.scene7.com/is/image/NB/m860gr8_nb_02_i?$dw_temp_default_gallery$,The men’s 860v8 engineered mesh on the upper is thoughtfully designed for lightweight breathability and freedom of movement.,"['Bolt_with_Black', 'VividCobaltBlue_with_EnergyLime_and_Black', 'Black_with_HiLite', 'Black_with_Thunder', 'Steel_with_EnergyLime_and_Black', 'TeamAwayGrey_with_Flame', 'Pigment_with_DeepPorcelainBlue']",860v8,$124.99
New Balance,running,http://nb.scene7.com/is/image/NB/m1080bb8_nb_02_i?$dw_temp_default_gallery$,"In addition to the advanced cushioning built into the midsole, this men's running shoe also ships with an Ortholite insert to add an extra layer of support.","['Pacific_with_Black_and_MaldivesBlue', 'Black_with_White', 'Gunmetal_with_Thunder_and_Flame', 'Steel_with_Black_and_HiLite', 'White_with_Black_and_NorthSea']",Fresh Foam 1080v8,$149.99
New Balance,running,http://nb.scene7.com/is/image/NB/m880gy8_nb_02_i?$dw_temp_default_gallery$,"As always, you can expect a secure fit thanks to no-sew overlays. Striking materials and colors give this iteration next-level aesthetics. ","['Black_with_White', 'Pacific_with_Black', 'Grey_with_Black', 'MaldivesBlue_with_Black']",880v8,$124.99
New Balance,running,http://nb.scene7.com/is/image/NB/mlazrmg_nb_02_i?$dw_temp_default_gallery$,"Featuring a lightweight and flexible mesh upper and advanced midsole cushioning, the FRESH FOAM LAZR Sport provides uncompromising performance for athletes on the move.","['Phantom_with_Black_and_White', 'MilitaryUrbanGrey_with_StoneGrey_and_White', 'Phantom_with_HiLite_and_White', 'Black_with_White', 'Black_with_Oxblood_and_SeaSalt', 'TeamRoyal_with_Black_and_White']",Fresh Foam Lazr Sport,$89.99
New Balance,running,http://nb.scene7.com/is/image/NB/mtkymlb1_nb_02_i?$dw_temp_default_gallery$,"For more comfort on the trail, the NB Response 2.0 Performance Insert helps support your step with a molded arch and heel. ","['Black_with_Phantom', 'TeamAwayGrey_with_Phantom']",Fresh Foam Kaymin TRL,$74.99
New Balance,running,http://nb.scene7.com/is/image/NB/mcrzdkg_nb_02_i?$dw_temp_default_gallery$,Simplicity is key with the Fresh Foam Cruz Decon for men. Easy wear. Easy style. And plenty of support and comfort mile after mile.,"['Black', 'Castlerock_with_White', 'Pacific_with_White', 'StoneGrey_with_White']",Fresh Foam Cruz Decon,$79.99
New Balance,running,http://nb.scene7.com/is/image/NB/mlazrhm_nb_02_i?$dw_temp_default_gallery$,"With data-inspired advanced performance technology throughout, the Fresh Foam Lazr Hyposkin is a fashionable feat of engineering.","['MilitaryFoliageGreen_with_Phantom_and_SeaSalt', 'Phantom_with_Castlerock_and_White']",Fresh Foam Lazr Hyposkin,$99.99
New Balance,running,http://nb.scene7.com/is/image/NB/mzantby4_nb_02_i?$dw_temp_default_gallery$,This men's running shoe is lightweight and close to the ground for a fast feel. ,"['Black_with_Phantom', 'DeepPorcelainBlue_with_Pigment_and_VintageIndigo', 'MaldivesBlue_with_Black', 'Steel_with_Thunder', 'Scarlet_with_Phantom_and_MaldivesBlue', 'Gunmetal_with_Black_and_HiLite']",Fresh Foam Zante v4,$99.99
New Balance,running,http://nb.scene7.com/is/image/NB/mcruzhn_nb_02_i?$dw_temp_default_gallery$,Our Fresh Foam cushioning technology works together with a technically engineered slip-on upper crafted from heathered fabric to keep your feet feeling and looking fresh mile after mile.,"['Black', 'Oxblood', 'VintageIndigo']",Mens Fresh Foam Cruz Retro Hoodie,$79.99
New Balance,running,http://nb.scene7.com/is/image/NB/mt510lb4_nb_02_i?$dw_temp_default_gallery$,An NB Ultra Soft comfort insert helps provide all-day comfort for whatever obstacles lay in your path.,"['Black', 'Castlerock_with_Black', 'Magnet_with_Black']",510v4 Trail,$69.99
New Balance,running,http://nb.scene7.com/is/image/NB/m1340gb3_nb_02_i?$dw_temp_default_gallery$,The 1340v3 stability running shoe for men was designed for overpronators with a system of support tech and cushioning that helps you stay comfortable and in control.,"['Black', 'White_with_Blue']",1340v3,$139.99
New Balance,running,http://nb.scene7.com/is/image/NB/m1260bb7_nb_02_i?$dw_temp_default_gallery$,Nitrogen-infused FuelCell midsole cushioning coupled with a blown rubber outsole provides an extensive amount of shock absorption and stabilizing supporting the men’s 1260v7.,"['Thunder_with_Black', 'Bolt_with_EnergyLime', 'Pacific_with_Black_and_Flame', 'EnergyLime_with_Black']",1260v7,$159.99
New Balance,running,http://nb.scene7.com/is/image/NB/m890wb6_nb_02_i?$dw_temp_default_gallery$,The REVlite 890v6 brings you a re-engineered version of a cult favorite with a new attitude and updated midsole cushioning technology. ,"['Pacific_with_MaldivesBlue_and_Black', 'Black_with_Thunder', 'Grey_with_Flame', 'WhiteMunsell_with_Black_and_HiLite']",890v6,$119.99
New Balance,running,http://nb.scene7.com/is/image/NB/mtunknb_nb_02_i?$dw_temp_default_gallery$,"On the upper, mesh meets Toe Protect for the perfect balance of comfort and rugged performance. The REVlite midsole offers a lightweight ride without sacrificing cushioning or stability. ","['Black_with_EnergyLime', 'Flame_with_Impulse']",Summit Unknown,$109.99
New Balance,running,http://nb.scene7.com/is/image/NB/mtntrlg1_nb_02_i?$dw_temp_default_gallery$,A gusseted tongue helps keep out debris when you venture off-road.  ,"['Black_with_Castlerock', 'Black_with_Bolt', 'DarkCovertGreen_with_Black']",FuelCore NITREL Trail,$74.99
New Balance,running,http://nb.scene7.com/is/image/NB/m1540nv2_nb_02_i?$dw_temp_default_gallery$,"Two layers of performance foam in the midsole offer superior support and soft rebound mile after mile. Meanwhile, a Roller posting system is included in the heel to help reduce rear-foot movement when you plant your heel. ","['Black_with_Silver', 'Navy_with_LightGrey', 'Silver_with_Blue']",1540v2,$164.99
New Balance,running,http://nb.scene7.com/is/image/NB/mcruzng_nb_02_i?$dw_temp_default_gallery$,A lightweight upper meets soft cushioning technology for superior comfort that elevates your everyday look with modern sport style.,"['Phantom_with_Castlerock', 'MercuryRed_with_Scarlet', 'Galaxy_with_Petrol', 'MilitaryUrbanGrey_with_StoneGrey', 'White_with_NimbusCloud']",Fresh Foam Cruz,$79.99
New Balance,running,http://nb.scene7.com/is/image/NB/m990af4_nb_02_i?$dw_temp_default_gallery$,"Wear with pride. New Balance sneakers labeled ""Made in the USA"" are built by American workers in one of our New England factories.Manufactured in the US for over 75 years and representing a limited portion of our US sales, New Balance Made is a premium collection that contains a domestic value of 70% or greater.","['ArcticFox', 'Jupiter']",990 Made in US,$184.99
New Balance,running,http://nb.scene7.com/is/image/NB/mariscc1_nb_02_i?$dw_temp_default_gallery$,Our NB Response 1.0  adds an extra layer of comfort.,"['Phantom_with_Pacific', 'ArcticFox_with_Pigment', 'TeamAwayGrey_with_Magnet', 'Magnet_with_Black_and_Overcast', 'Castlerock_with_RoyalBlue', 'MercuryRed_with_ChocolateCherry_and_Phantom', 'Tempest_with_Black_and_VividCobaltBlue']",Fresh Foam Arishi,$69.99
New Balance,running,http://nb.scene7.com/is/image/NB/m1400by6_nb_02_i?$dw_temp_default_gallery$,"Get that glide back in your stride with the men’s 1400v6 running shoe, designed for movement that feels fast and race-ready.  A breathable mesh upper features a FantomFit support cage for lightweight structure. Meanwhile, a REVlite midsole provides  responsive cushioning with an incredibly lightweight ride. Plus, an updated tongue construction helps streamline the fit for an ultra-sleek feel.","['MaldivesBlue_with_Black_and_HiLite', 'White_with_Flame_and_HiLite']",1400v6,$99.99
New Balance,running,http://nb.scene7.com/is/image/NB/mlazrsk_nb_02_i?$dw_temp_default_gallery$,"Four-way stretch collar construction offers superior comfort, no matter where your day takes you. ","['Black_with_White', 'Magnet_with_White', 'MilitaryFoliageGreen_with_White']",Fresh Foam Lazr Denim,$89.99
New Balance,running,http://nb.scene7.com/is/image/NB/m890mn6_nb_02_i?$dw_temp_default_gallery$,The 890v6 brings you a re-engineered version of a cult favorite with a new attitude and updated midsole cushioning technology.,['Black_with_TechtonicBlue'],890v6 NYC Half,$129.99
